{
  "categories": [
    {
      "id": 1,
      "name": "Furniture",
      "image": "https://ak1.ostkcdn.com/img/mxc/11192021-CatSilo-Furniture.png?imwidth=1920"
    },
    {
      "id": 2,
      "name": "Area Rugs",
      "image": "https://ak1.ostkcdn.com/img/mxc/11152021-CatSilo-AreaRugs.png?imwidth=1920"
    },
    {
      "id": 3,
      "name": "Bed & Bath",
      "image": "https://ak1.ostkcdn.com/img/mxc/11152021-CatSilo-BedBath.png?imwidth=1920"
    },
    {
      "id": 4,
      "name": "Home Decor",
      "image": "https://ak1.ostkcdn.com/img/mxc/11152021-CatSilo-Decor.png?imwidth=1920"
    },
    {
      "id": 5,
      "name": "Window Treatments",
      "image": "https://ak1.ostkcdn.com/img/mxc/CatSilo-Window-040721.jpg?imwidth=1920"
    },
    {
      "id": 6,
      "name": "Kitchen",
      "image": "https://ak1.ostkcdn.com/img/mxc/11152021-CatSilo-Kitchen.png?imwidth=1920"
    },
    {
      "id": 7,
      "name": "Outdoor",
      "image": "https://ak1.ostkcdn.com/img/mxc/11192021-CatSilo-Outdoor.png?imwidth=1920"
    },
    {
      "id": 8,
      "name": "Home Improvement",
      "image": "https://ak1.ostkcdn.com/img/mxc/01112021-CatSilo-HomeImp.jpg?imwidth=1920"
    },
    {
      "id": 9,
      "name": "Storage",
      "image": "https://ak1.ostkcdn.com/img/mxc/11152021-CatSilo-Storage.png?imwidth=1920"
    },
    {
      "id": 10,
      "name": "Mattresses",
      "image": "https://ak1.ostkcdn.com/img/mxc/01112021-CatSilo-Mattresses.jpg?imwidth=1920"
    },
    {
      "id": 11,
      "name": "Lighting",
      "image": "https://ak1.ostkcdn.com/img/mxc/11152021-CatSilo-Lighting.png?imwidth=1920"
    },
    {
      "id": 12,
      "name": "Shop all Deals",
      "image": "https://ak1.ostkcdn.com/img/mxc/CatSilo-AllDeals-040721.jpg?imwidth=1920"
    }
  ],
  "products": [
    {
      "id": 1,
      "category_id": 1,
      "price": 5560,
      "description": "Hastings Home Narrow Flip Top End Table",
      "image": "https://ak1.ostkcdn.com/images/products/is/images/direct/c6d502320db524dbd7daff48116ed2c8be236a07/Hastings-Home-Narrow-Flip-Top-End-Table.jpg?imwidth=480&impolicy=medium"
    },
    {
      "id": 2,
      "category_id": 1,
      "price": 13865,
      "description": "Farmhouse Two-tone 54-inch TV Stand",
      "image": "https://ak1.ostkcdn.com/images/products/is/images/direct/fce9b8bc334a12d7cfe4a3dff176bd4d2a517960/54-in-TV-Stand-for-TVs-up-to-65-inches.jpg"
    },
    {
      "id": 3,
      "category_id": 1,
      "price": 4938,
      "description": "The Curated Nomad Camarillo",
      "image": "https://ak1.ostkcdn.com/images/products/is/images/direct/c93ae20ad448ba355bf466bc076833175bf7bb7e/The-Curated-Nomad-Camarillo-Modern-Beige-Cube-Shape-Jute-Pouf.jpg"
    },
    {
      "id": 4,
      "category_id": 1,
      "price": 40560,
      "description": "Liam Large Mid-century Record Storage Console",
      "image": "https://ak1.ostkcdn.com/images/products/is/images/direct/935217579681033898758d73d0ff527b4e86ad47/Liam-Large-Record-Storage-Console-Cabinet.jpg"
    },
    {
      "id": 5,
      "category_id": 1,
      "price": 22132,
      "description": "Simple Living Margo Mid-Century 3-shelf Bookshelf",
      "image": "https://ak1.ostkcdn.com/images/products/is/images/direct/ca48a0822b1f662c407ad559ed63ffd58e617b5e/Simple-Living-Margo-Mid-Century-3-shelf-Bookshelf.jpg"
    },
    {
      "id": 6,
      "category_id": 1,
      "price": 10722,
      "description": "The Gray Barn La Vida 5-tier Bookcase",
      "image": "https://ak1.ostkcdn.com/images/products/20881565/The-Gray-Barn-La-Vida-5-tier-Bookcase-e79eb496-e015-428b-b3ab-8d9c26f50860_600.jpg"
    },
    {
      "id": 7,
      "category_id": 1,
      "price": 20015,
      "description": "Levine Accent Chair",
      "image": "https://ak1.ostkcdn.com/images/products/is/images/direct/db010e1fa13bd4a6eb06250212fb75a207edbcdd/Levine-Accent-Chair.jpg"
    },
    {
      "id": 8,
      "category_id": 1,
      "price": 10856,
      "description": "Decor Maxem Tufted Upholstered Seat",
      "image": "https://ak1.ostkcdn.com/images/products/22723370/Decor-Maxem-Tufted-Faux-Leather-Upholstered-Seat-with-Nailhead-Trim-Bench-02392bd4-c152-4664-ad69-86093043dbec.jpg"
    },
    {
      "id": 9,
      "category_id": 1,
      "price": 18124,
      "description": "Rustic Farmhouse Handmade Reclaimed Wood Table",
      "image": "https://ak1.ostkcdn.com/images/products/is/images/direct/02f234daf1df994c3c9a32e1a8a4addfba78991d/Farmhouse-Sofa-Table.jpg"
    },
    {
      "id": 10,
      "category_id": 1,
      "price": 76607,
      "description": "Amaia Modern 3-piece Velvet Chat Set",
      "image": "https://ak1.ostkcdn.com/images/products/19490628/Amaia-Modern-3-piece-Velvet-Chat-Set-by-Christopher-Knight-Home-6d1d571c-0662-466a-986d-c9beb1a2c26f_600.jpg"
    },
    {
      "id": 11,
      "category_id": 1,
      "price": 138446,
      "description": "Stockbridge 4-Piece Wood Living Room Set",
      "image": "https://ak1.ostkcdn.com/images/products/is/images/direct/72f0f1dfeb07c56c7bc3495120817db206007277/Stockbridge-4-Piece-Wood-Living-Room-Set.jpg"
    },
    {
      "id": 12,
      "category_id": 1,
      "price": 25411,
      "description": "SAFAVIEH Christine Rattan Accent Chair ",
      "image": "https://ak1.ostkcdn.com/images/products/is/images/direct/9ea18610809163cbe4779cf7ebca39d05fddd4ef/SAFAVIEH-Christine-Rattan-Accent-Chair-with-Cushion-%28Set-of-2%29.jpg"
    },
    {
      "id": 13,
      "category_id": 1,
      "price": 26777,
      "description": "Glitzhome Bamboo Rocking Chair and Accent Table Set",
      "image": "https://ak1.ostkcdn.com/images/products/is/images/direct/8126352cf9d2471f2fdf7bb05eaa261c94455951/Glitzhome-Bamboo-Rocking-Chair-and-Accent-Table-Set.jpg"
    },
    {
      "id": 14,
      "category_id": 1,
      "price": 4872,
      "description": "Traditional 17 x 17 Inch Gray Pillow",
      "image": "https://ak1.ostkcdn.com/images/products/20445631/Traditional-17-x-17-Inch-Gray-Pillow-with-Aztec-Design-by-Studio-350-b9de8bdf-1741-4c13-b0d7-56735311f2a0.jpg"
    },
    {
      "id": 15,
      "category_id": 1,
      "price": 9560,
      "description": "Morden Fort Modern 2 Pieces",
      "image": "https://ak1.ostkcdn.com/images/products/is/images/direct/fe9089e5b46f9e18fa235967dc5456fdfd8ee95d/Morden-Fort-Modern-2-Pieces-of-Loveseat-and-Sofa-Couch-Set-with-Dutch-Velvet-Beige%2C-Iron-Legs.jpg"
    },
    {
      "id": 16,
      "category_id": 1,
      "price": 65989,
      "description": "Spencer Faux Leather Swivel Glider and Ottoman",
      "image": "https://ak1.ostkcdn.com/images/products/is/images/direct/b746415bf8eedce71b172f95be1417a9ee62a669/Spencer-Faux-Leather-Swivel-Glider-and-Ottoman.jpg"
    },
    {
      "id": 17,
      "category_id": 1,
      "price": 10428,
      "description": "The Gray Barn Millicent Grey Oak Nightstand",
      "image": "https://ak1.ostkcdn.com/images/products/19671989/Avenue-Greene-Leland-Grey-Oak-Nightstand-14e25faf-fbcd-4e3d-8b2f-eb0acabd2147.jpg"
    },
    {
      "id": 18,
      "category_id": 1,
      "price": 52827,
      "description": "Carson Carrington Hogsta Upholstered",
      "image": "https://ak1.ostkcdn.com/images/products/30116924/Sigrid-Mid-Century-Modern-Upholstered-2-Piece-Armchair-and-Ottoman-Set-957911cb-f3ea-4a50-b3cc-a179fac525e1.jpg"
    },
    {
      "id": 19,
      "category_id": 1,
      "price": 163950,
      "description": "3 Piece Chair Loveseat Sofa Set",
      "image": "https://ak1.ostkcdn.com/images/products/is/images/direct/d92c40b5d54c31cef4f24a76cc79c01b009402a4/3-Piece-Chair-Loveseat-Sofa-Set.jpg"
    },
    {
      "id": 20,
      "category_id": 1,
      "price": 8378,
      "description": "Serenta Tip Print Light Faux Fur Throw Pillow Shell",
      "image": "https://ak1.ostkcdn.com/images/products/29473537/Serenta-Tip-Print-Light-Faux-Fur-Throw-Pillow-Shell-Ottoman-4-PC-Set-688d0c1d-e55a-40c8-bf7b-deabfe7dbe3d_600.jpg"
    },
    {
      "id": 21,
      "category_id": 1,
      "price": 199291,
      "description": "Lorreto Velvet Fabric Sofa Loveseat Chair",
      "image": "https://ak1.ostkcdn.com/images/products/is/images/direct/ab56b21e07f89674e75fc616de83b9a08a3210ac/Lorreto-Velvet-Fabric-Sofa-Loveseat-Chair-Living-Room-Set.jpg"
    },
    {
      "id": 22,
      "category_id": 1,
      "price": 177066,
      "description": "Meridan Fabric Theatre Seating Recliner",
      "image": "https://ak1.ostkcdn.com/images/products/is/images/direct/4903b22a4b8c2f6f21e25d2e32f56a787543b298/Meridan-Fabric-Theatre-Seating-Recliner-by-Christopher-Knight-Home.jpg"
    },
    {
      "id": 23,
      "category_id": 1,
      "price": 24363,
      "description": "Polyurethane Accent Chair with Solid Wood",
      "image": "https://ak1.ostkcdn.com/images/products/11685497/Polyurethane-Accent-Chair-with-Solid-Wood-Legs-and-Frames-in-Tan-94410a35-6ac2-4e13-90a5-a05bbbc232af.jpg"
    },
    {
      "id": 24,
      "category_id": 1,
      "price": 80153,
      "description": "Kanesh 3 Piece Living Room Set",
      "image": "https://ak1.ostkcdn.com/images/products/is/images/direct/fdff902d5f3fb84a325fbdbe571e3c2cf0dc846f/Kanesh-3-Piece-Living-Room-Set.jpg"
    },
    {
      "id": 25,
      "category_id": 1,
      "price": 444078,
      "description": "7 PC LeatherSoft Modular Reception Configuration",
      "image": "https://ak1.ostkcdn.com/images/products/is/images/direct/b3ef7010fb748d41ab3abcf3ba36f28d87f17cbf/7-PC-LeatherSoft-Modular-Reception-Configuration-w-Taut-Back-%26Seat.jpg"
    },
    {
      "id": 26,
      "category_id": 1,
      "price": 398036,
      "description": "6 PC LeatherSoft Modular Reception Configuration",
      "image": "https://ak1.ostkcdn.com/images/products/is/images/direct/0fc9e1b8e9dd82e226019b5a4424e31a53b3be0f/Hercules-Alon-Series-Leather-6-piece-Reception-Configuration.jpg"
    },
    {
      "id": 27,
      "category_id": 1,
      "price": 36038,
      "description": "Belden Modern & Contemporary Velvet Lounge Chair",
      "image": "https://ak1.ostkcdn.com/images/products/is/images/direct/b61e8b5bbd9c48394cd7f61e9f6f42d2eecdb3f3/Belden-Modern-%26-Contemporary-Velvet-Lounge-Chair-and-Ottoman-Set-Grey.jpg"
    },
    {
      "id": 28,
      "category_id": 1,
      "price": 52827,
      "description": "Oslo 2 Pieces Living Room Set",
      "image": "https://ak1.ostkcdn.com/images/products/is/images/direct/277fab44851488ddec1affe08b3cbb040bc73d8a/Oslo-2-Pieces-Living-Room-Set.jpg"
    },
    {
      "id": 29,
      "category_id": 1,
      "price": 162128,
      "description": "Calton Linen Three Piece LivingRoom Set",
      "image": "https://ak1.ostkcdn.com/images/products/is/images/direct/821dac4ce4df48c1ff9a6b086eb17556a0ca9b2c/Calton-Linen-Three-Piece-LivingRoom-Set.jpg"
    },
    {
      "id": 30,
      "category_id": 1,
      "price": 127516,
      "description": "2-Seat Reclining LeatherSoft Theater Seating",
      "image": "https://ak1.ostkcdn.com/images/products/is/images/direct/d2e4286c155f7f17bcca82f038625d770232ed14/Reel-Comfort-Series-2-seat-Reclining-Leather-Theater-Seating-Unit-with-Straight-Cup-Holders.jpg"
    }
  ]
}